document,first_name,last_name,email
1234567890,Juan,Pérez,juan.perez@example.com
1234567891,Ana,Gómez,ana.gomez@example.com
1234567892,Luis,Martínez,luis.martinez@example.com
1234567893,Laura,López,laura.lopez@example.com
1234567894,Carlos,Hernández,carlos.hernandez@example.com
1234567895,Sofía,García,sofia.garcia@example.com
1234567896,Diego,Álvarez,diego.alvarez@example.com
1234567897,Lucía,Fernández,lucia.fernandez@example.com
1234567898,David,Sánchez,david.sanchez@example.com
1234567899,María,Rodríguez,maria.rodriguez@example.com
